{
    "test_loss": 1.863766015625,
    "test_accuracy": 55.45,
    "num_mistakes": 4455,
    "total_samples": 10000,
    "hierarchical_distance_avg": [
        2.0752,
        3.94488,
        4.74528,
        5.37356,
        6.526765
    ],
    "hierarchical_distance_top": [
        2.0752,
        0.6659,
        0.3392,
        0.1351,
        0.0
    ],
    "hierarchical_distance_mistakes": [
        4.658136924803592,
        4.378765432098765,
        4.894478114478114,
        5.367104377104377,
        6.451705948372615
    ],
    "hierarchical_precision": [
        74.06,
        63.71967316153363,
        62.8081821690467,
        62.63868352015263,
        100.13832245785753
    ],
    "hierarchical_mAP": [
        74.06,
        68.20896514534941,
        65.77612021581356,
        64.36930031119753,
        75.62266496017669
    ]
}