{
    "test_loss": 3.4986,
    "test_accuracy": 62.76,
    "num_mistakes": 3724,
    "total_samples": 10000,
    "hierarchical_distance_avg": [
        1.2403,
        2.52714,
        2.53874,
        2.437895,
        2.011819
    ],
    "hierarchical_distance_top": [
        1.2403,
        0.2609,
        0.1148,
        0.0427,
        0.0
    ],
    "hierarchical_distance_mistakes": [
        3.3305585392051555,
        2.7106337271750807,
        2.662889366272825,
        2.559828141783029,
        2.1240091299677766
    ],
    "hierarchical_precision": [
        86.2188888888889,
        78.93731707317072,
        79.76864197530863,
        81.51683229813663,
        99.94252166700038
    ],
    "hierarchical_mAP": [
        86.2188888888889,
        81.18893231540656,
        80.27181029458272,
        80.52041083602329,
        87.49912331976813
    ]
}