{
    "0.1": {
        "test_loss": 0.012330867791175842,
        "test_accuracy": 55.13,
        "num_mistakes": 4487,
        "total_samples": 10000,
        "hierarchical_distance_avg": [
            2.0048,
            3.76184,
            4.56086,
            5.23783,
            6.533005
        ],
        "hierarchical_distance_top": [
            2.0048,
            0.6488,
            0.324,
            0.1318,
            0.0
        ],
        "hierarchical_distance_mistakes": [
            4.46801872074883,
            4.209092935145978,
            4.753487853799866,
            5.279195453532427,
            6.464314686873189
        ],
        "hierarchical_precision": [
            74.94,
            66.59585166561911,
            66.36703975299112,
            65.87574528976866,
            99.71417890157694
        ],
        "hierarchical_mAP": [
            74.94,
            70.20125570997759,
            68.44648922934151,
            67.44850125571904,
            77.03349407945942
        ]
    },
    "0.2": {
        "test_loss": 0.013005147868394852,
        "test_accuracy": 53.8,
        "num_mistakes": 4620,
        "total_samples": 10000,
        "hierarchical_distance_avg": [
            2.0326,
            3.71804,
            4.53426,
            5.198385,
            6.535199
        ],
        "hierarchical_distance_top": [
            2.0326,
            0.6708,
            0.3655,
            0.1476,
            0.0
        ],
        "hierarchical_distance_mistakes": [
            4.3995670995671,
            4.121341991341992,
            4.675995670995671,
            5.1811580086580085,
            6.465612554112554
        ],
        "hierarchical_precision": [
            74.5925,
            67.28409805153991,
            66.88035507526051,
            66.81647984736466,
            99.56504893964112
        ],
        "hierarchical_mAP": [
            74.5925,
            70.54108119830718,
            68.88535796554235,
            68.06835655467917,
            78.27934530751283
        ]
    },
    "0.4": {
        "test_loss": 0.014582346722483635,
        "test_accuracy": 51.14,
        "num_mistakes": 4886,
        "total_samples": 10000,
        "hierarchical_distance_avg": [
            2.1496,
            3.67634,
            4.46389,
            5.13781,
            6.527776
        ],
        "hierarchical_distance_top": [
            2.1496,
            0.7281,
            0.3755,
            0.142,
            0.0
        ],
        "hierarchical_distance_mistakes": [
            4.3995088006549325,
            4.096397871469505,
            4.614572247237004,
            5.115145313139583,
            6.432216537044617
        ],
        "hierarchical_precision": [
            73.13,
            67.93934632306726,
            68.23832497105364,
            68.26114953493918,
            100.06960304513322
        ],
        "hierarchical_mAP": [
            73.13,
            70.39301001200889,
            69.39848182985098,
            69.01091074953047,
            79.10667022098892
        ]
    },
    "0.6": {
        "test_loss": 0.016639885158836843,
        "test_accuracy": 46.78,
        "num_mistakes": 5322,
        "total_samples": 10000,
        "hierarchical_distance_avg": [
            2.2622,
            3.56168,
            4.34561,
            5.025245,
            6.531845
        ],
        "hierarchical_distance_top": [
            2.2622,
            0.8231,
            0.4331,
            0.1851,
            0.0
        ],
        "hierarchical_distance_mistakes": [
            4.250657647500939,
            3.986922209695603,
            4.485606914693724,
            4.982901164975573,
            6.429804584742578
        ],
        "hierarchical_precision": [
            71.7225,
            69.74104336895034,
            70.52084137398688,
            70.9457429048414,
            99.79302610114192
        ],
        "hierarchical_mAP": [
            71.7225,
            71.02425204073062,
            70.83244674727551,
            70.98808752104821,
            80.92976491835726
        ]
    },
    "0.9": {
        "test_loss": 0.017933788561820985,
        "test_accuracy": 39.02,
        "num_mistakes": 6098,
        "total_samples": 10000,
        "hierarchical_distance_avg": [
            2.6111,
            3.68198,
            4.3845,
            5.02842,
            6.535489
        ],
        "hierarchical_distance_top": [
            2.6111,
            1.0584,
            0.599,
            0.2838,
            0.0
        ],
        "hierarchical_distance_mistakes": [
            4.281895703509347,
            4.050213184650705,
            4.484732699245654,
            4.937126926861266,
            6.409345687110528
        ],
        "hierarchical_precision": [
            67.36125,
            67.85072281583909,
            69.77035893477422,
            70.87002146434534,
            99.54533713974986
        ],
        "hierarchical_mAP": [
            67.36125,
            68.0150595063337,
            68.77299632259181,
            69.80144700488236,
            80.88874897530404
        ]
    }
}