{
    "4": {
        "test_loss": 0.2799144151687622,
        "test_accuracy": 39.66,
        "num_mistakes": 6034,
        "total_samples": 10000,
        "hierarchical_distance_avg": [
            2.5169,
            3.0905,
            3.73901,
            4.384175,
            6.526914
        ],
        "hierarchical_distance_top": [
            2.5169,
            1.5559,
            1.0433,
            0.6895,
            0.0
        ],
        "hierarchical_distance_mistakes": [
            4.1711965528670865,
            3.839675174013921,
            4.124229366920782,
            4.536327477626782,
            6.449365263506794
        ],
        "hierarchical_precision": [
            68.53875,
            77.14487743557511,
            82.22674642994983,
            86.23479608871929,
            100.12819467101686
        ],
        "hierarchical_mAP": [
            68.53875,
            73.96475713679523,
            77.26480091236209,
            81.12171809869115,
            91.16860320421416
        ]
    },
    "8": {
        "test_loss": 0.8896703853607177,
        "test_accuracy": 51.56,
        "num_mistakes": 4844,
        "total_samples": 10000,
        "hierarchical_distance_avg": [
            2.0522,
            2.92548,
            3.66976,
            4.38597,
            6.527248
        ],
        "hierarchical_distance_top": [
            2.0522,
            1.0635,
            0.6954,
            0.3951,
            0.0
        ],
        "hierarchical_distance_mistakes": [
            4.236581337737407,
            3.844880264244426,
            4.176052848885218,
            4.622316267547482,
            6.4497625928984315
        ],
        "hierarchical_precision": [
            74.3475,
            79.73790069138906,
            83.56310304901582,
            86.19198664440735,
            100.10549211528004
        ],
        "hierarchical_mAP": [
            74.3475,
            77.72117979612838,
            80.041188536927,
            82.77878905684152,
            90.54847930548489
        ]
    },
    "15": {
        "test_loss": 1.470021026611328,
        "test_accuracy": 53.68,
        "num_mistakes": 4632,
        "total_samples": 10000,
        "hierarchical_distance_avg": [
            2.0262,
            3.16592,
            4.0222,
            4.8316,
            6.529437
        ],
        "hierarchical_distance_top": [
            2.0262,
            0.8529,
            0.4788,
            0.2156,
            0.0
        ],
        "hierarchical_distance_mistakes": [
            4.374352331606218,
            3.9582469775474958,
            4.415025906735751,
            4.966699050086356,
            6.461362262521589
        ],
        "hierarchical_precision": [
            74.6725,
            75.95977372721559,
            76.76186800463141,
            75.56403529692345,
            99.95670201196302
        ],
        "hierarchical_mAP": [
            74.6725,
            75.81152726348776,
            76.28706615272714,
            76.42147562367262,
            82.40078810101369
        ]
    },
    "20": {
        "test_loss": 1.6278720430374145,
        "test_accuracy": 54.05,
        "num_mistakes": 4595,
        "total_samples": 10000,
        "hierarchical_distance_avg": [
            2.0067,
            3.28816,
            4.20338,
            5.01538,
            6.528871
        ],
        "hierarchical_distance_top": [
            2.0067,
            0.7737,
            0.4051,
            0.1646,
            0.0
        ],
        "hierarchical_distance_mistakes": [
            4.367138193688792,
            4.000609357997824,
            4.536953210010881,
            5.126615886833514,
            6.480487486398259
        ],
        "hierarchical_precision": [
            74.91625,
            74.0389692017599,
            73.26553454264763,
            71.18101597901264,
            99.99517400761283
        ],
        "hierarchical_mAP": [
            74.91625,
            74.92298088347506,
            74.41937753089935,
            73.45452538931696,
            80.06321207914684
        ]
    },
    "30": {
        "test_loss": 1.8789765125274658,
        "test_accuracy": 54.11,
        "num_mistakes": 4589,
        "total_samples": 10000,
        "hierarchical_distance_avg": [
            2.0757,
            3.61564,
            4.48695,
            5.24026,
            6.53929
        ],
        "hierarchical_distance_top": [
            2.0757,
            0.712,
            0.3771,
            0.156,
            0.0
        ],
        "hierarchical_distance_mistakes": [
            4.523207670516452,
            4.231989540204838,
            4.76445848768795,
            5.311712791457834,
            6.474027021137503
        ],
        "hierarchical_precision": [
            74.05375,
            68.8931489629164,
            67.7933230412968,
            65.8177915573575,
            99.28697661772702
        ],
        "hierarchical_mAP": [
            74.05375,
            71.40754048034418,
            69.96525210691105,
            68.46231331193482,
            76.50180149017528
        ]
    }
}